[{"id":3076718559,"status":2,"title":"Blog Template","order":1,"templateKey":"blog","customTemplate":false,"customTemplateFilename":null,"pageLinks":[],"dateCreated":"2023-08-31T16:15:06.139Z","dateUpdated":"2023-08-31T16:15:07.734Z","folderId":null,"pageName":"Blog Template"},{"id":2137821623,"status":2,"title":"Post Template","order":2,"templateKey":"post","customTemplate":false,"customTemplateFilename":null,"pageLinks":[],"dateCreated":"2023-08-31T16:15:06.384Z","dateUpdated":"2023-08-31T16:15:07.751Z","folderId":null,"pageName":"Post Template"},{"id":35235046,"status":2,"title":"Product List Template","order":3,"templateKey":"products","customTemplate":false,"customTemplateFilename":null,"pageLinks":[],"dateCreated":"2023-08-31T16:15:06.541Z","dateUpdated":"2023-08-31T16:15:07.762Z","folderId":null,"pageName":"Product List Template"},{"id":1105804685,"status":2,"title":"Product Details Template","order":4,"templateKey":"product","customTemplate":false,"customTemplateFilename":null,"pageLinks":[],"dateCreated":"2023-08-31T16:15:06.709Z","dateUpdated":"2023-08-31T16:15:07.775Z","folderId":null,"pageName":"Product Details Template"},{"id":204654950,"status":2,"title":"Shopping Cart Template","order":5,"templateKey":"cart","customTemplate":false,"customTemplateFilename":null,"pageLinks":[],"dateCreated":"2023-08-31T16:15:06.854Z","dateUpdated":"2023-08-31T16:15:07.785Z","folderId":null,"pageName":"Shopping Cart Template"},{"id":78356671,"status":2,"title":"Checkout Template","order":6,"templateKey":"checkout","customTemplate":false,"customTemplateFilename":null,"pageLinks":[],"dateCreated":"2023-08-31T16:15:07.036Z","dateUpdated":"2023-08-31T16:15:07.793Z","folderId":null,"pageName":"Checkout Template"},{"id":210026077,"status":2,"title":"Login Template","order":7,"templateKey":"login","customTemplate":false,"customTemplateFilename":null,"pageLinks":[],"dateCreated":"2023-08-31T16:15:07.135Z","dateUpdated":"2023-08-31T16:15:07.804Z","folderId":null,"pageName":"Login Template"},{"id":711004627,"status":2,"title":"Page Password Template","order":8,"templateKey":"password","customTemplate":false,"customTemplateFilename":null,"pageLinks":[],"dateCreated":"2023-08-31T16:15:07.225Z","dateUpdated":"2023-08-31T16:15:07.813Z","folderId":null,"pageName":"Page Password Template"},{"id":1487224429,"status":2,"title":"404 Not Found Template","order":9,"templateKey":"404","customTemplate":false,"customTemplateFilename":null,"pageLinks":[],"dateCreated":"2023-08-31T16:15:07.301Z","dateUpdated":"2023-08-31T16:15:07.821Z","folderId":null,"pageName":"404 Not Found Template"},{"id":8968259,"status":2,"title":"Thank You Page Template","order":10,"templateKey":"ThankYou","customTemplate":false,"customTemplateFilename":null,"pageLinks":[],"dateCreated":"2023-08-31T16:15:07.364Z","dateUpdated":"2023-08-31T16:15:07.829Z","folderId":null,"pageName":"Thank You Page Template"},{"id":360115695,"status":2,"title":"Home","order":104,"templateKey":null,"customTemplate":false,"customTemplateFilename":null,"pageLinks":["648204871","2864503377","2213909625","2670709350"],"dateCreated":"2023-08-31T16:21:09.317Z","dateUpdated":"2023-08-31T18:59:47.415Z","folderId":null,"pageName":"Home_360115695"},{"id":648204871,"status":2,"title":"About","order":105,"templateKey":null,"customTemplate":false,"customTemplateFilename":null,"pageLinks":["2213909625"],"dateCreated":"2023-08-31T18:15:11.831Z","dateUpdated":"2023-08-31T18:21:33.306Z","folderId":null,"pageName":"About_648204871"},{"id":2864503377,"status":2,"title":"Services","order":106,"templateKey":null,"customTemplate":false,"customTemplateFilename":null,"pageLinks":[],"dateCreated":"2023-08-31T18:15:31.712Z","dateUpdated":"2023-08-31T18:38:46.005Z","folderId":null,"pageName":"Services_2864503377"},{"id":2931124295,"status":2,"title":"Our Team","order":107,"templateKey":null,"customTemplate":false,"customTemplateFilename":null,"pageLinks":[],"dateCreated":"2023-08-31T18:15:41.865Z","dateUpdated":"2023-08-31T18:46:32.986Z","folderId":null,"pageName":"Our Team_2931124295"},{"id":2213909625,"status":2,"title":"Contact Us","order":108,"templateKey":null,"customTemplate":false,"customTemplateFilename":null,"pageLinks":[],"dateCreated":"2023-08-31T18:15:50.872Z","dateUpdated":"2023-08-31T18:44:25.056Z","folderId":null,"pageName":"Contact Us_2213909625"},{"id":2670709350,"status":2,"title":"Privacy Policy","order":109,"templateKey":null,"customTemplate":false,"customTemplateFilename":null,"pageLinks":["2670709350"],"dateCreated":"2023-08-31T18:50:52.407Z","dateUpdated":"2023-08-31T18:54:07.889Z","folderId":null,"pageName":"Privacy Policy_2670709350"}]